{"stats":{"minecraft:killed":{"minecraft:zombie":1},"minecraft:custom":{"minecraft:jump":32,"minecraft:time_since_rest":187,"minecraft:damage_dealt":201,"minecraft:leave_game":1,"minecraft:deaths":2,"minecraft:sprint_one_cm":1299,"minecraft:play_time":2705,"minecraft:damage_taken":600,"minecraft:time_since_death":0,"minecraft:walk_one_cm":8190,"minecraft:total_world_time":2705,"minecraft:mob_kills":1,"minecraft:fall_one_cm":1838,"minecraft:fly_one_cm":3530},"minecraft:killed_by":{"minecraft:zombie":1,"minecraft:creeper":1}},"DataVersion":3465}